"r",,,,"1631328466188","unmarked.txt"
"r",,,,"1631329719891","unmarked.txt"
"r",,,,"1631489349430","unmarked.txt"
"r",,,,"1631489909504","unmarked.txt"
"r",,,,"1631490969032","unmarked.txt"
"r",,,,"1631491879016","unmarked.txt"
"r",,,,"1631491984314","unmarked.txt"
"r",,,,"1631492046974","unmarked.txt"
"r",,,,"1631492410118","unmarked.txt"
"r",,,,"1631492834152","unmarked.txt"
"r",,,,"1631495109242","unmarked.txt"
"r",,,,"1631495182468","unmarked.txt"
"r",,,,"1631495246579","unmarked.txt"
"r",,,,"1631495320230","unmarked.txt"
"r",,,,"1631495507022","unmarked.txt"
"r",,,,"1631495558686","unmarked.txt"
"r",,,,"1631495636227","unmarked.txt"
"r",,,,"1631495671476","unmarked.txt"
"r",,,,"1631495715296","unmarked.txt"
"r",,,,"1631495796232","unmarked.txt"
"r",,,,"1631495915847","unmarked.txt"
"r",,,,"1631496010303","unmarked.txt"
"r",,,,"1631496052082","unmarked.txt"
"r",,,,"1631497647344","unmarked.txt"
"r",,,,"1631497695499","unmarked.txt"
"r",,,,"1631497860027","unmarked.txt"
"r",,,,"1631553256682","unmarked.txt"
"r",,,,"1631553483920","unmarked.txt"
"r",,,,"1631555377115","unmarked.txt"
"r",,,,"1631555466074","unmarked.txt"
"r",,,,"1631555609583","unmarked.txt"
"r",,,,"1631555829824","unmarked.txt"
"r",,,,"1631555915191","unmarked.txt"
"r",,,,"1631555963267","unmarked.txt"
"r",,,,"1631556014458","unmarked.txt"
"r",,,,"1631556171364","unmarked.txt"
"r",,,,"1631556357658","unmarked.txt"
"r",,,,"1631556399268","unmarked.txt"
"r",,,,"1631557039992","unmarked.txt"
"r",,,,"1631557906498","unmarked.txt"
"r",,,,"1631558087103","unmarked.txt"
