"t","Lockout:452448.0",,"0","1631327070684","DemoApplication.java"
"t","Response:452448.0",,"0","1631327072824","DemoApplication.java"
"a","Undefined",,,"1631327181882","DemoApplication.java"
"a","Reload From Disk",,,"1631327182783","DemoApplication.java"
"a","Reload From Disk",,,"1631327188339","DemoApplication.java"
"a","Reload From Disk",,,"1631327188375","DemoApplication.java"
"a","Reload From Disk",,,"1631327188408","DemoApplication.java"
"a","Reload From Disk",,,"1631327188432","DemoApplication.java"
"a","Reload From Disk",,,"1631327188456","DemoApplication.java"
"a","Reload From Disk",,,"1631327188477","DemoApplication.java"
"a","Reload From Disk",,,"1631327188500","DemoApplication.java"
"a","Reload From Disk",,,"1631327188527","DemoApplication.java"
"a","Reload From Disk",,,"1631327188556","DemoApplication.java"
"a","Reload From Disk",,,"1631327188583","DemoApplication.java"
"a","Reload From Disk",,,"1631327188612","DemoApplication.java"
"a","Reload From Disk",,,"1631327188634","DemoApplication.java"
"a","Reload From Disk",,,"1631327188654","DemoApplication.java"
"a","Reload From Disk",,,"1631327188674","DemoApplication.java"
"a","Reload From Disk",,,"1631327189254","DemoApplication.java"
"a","Reload From Disk",,,"1631327189386","DemoApplication.java"
"a","Reload From Disk",,,"1631327189399","DemoApplication.java"
"a","Reload From Disk",,,"1631327189414","DemoApplication.java"
"a","Reload From Disk",,,"1631327189534","DemoApplication.java"
"a","Reload From Disk",,,"1631327189551","DemoApplication.java"
"a","Reload From Disk",,,"1631327189569","DemoApplication.java"
"a","Reload From Disk",,,"1631327189586","DemoApplication.java"
"a","Reload From Disk",,,"1631327189602","DemoApplication.java"
"a","Reload From Disk",,,"1631327189619","DemoApplication.java"
"a","Reload From Disk",,,"1631327189701","DemoApplication.java"
"a","Reload From Disk",,,"1631327189937","DemoApplication.java"
"a","Reload From Disk",,,"1631327190088","DemoApplication.java"
"a","Reload From Disk",,,"1631327190122","DemoApplication.java"
"a","Reload From Disk",,,"1631327190137","DemoApplication.java"
"a","Reload From Disk",,,"1631327190151","DemoApplication.java"
"a","Reload From Disk",,,"1631327190170","DemoApplication.java"
"a","Reload From Disk",,,"1631327190209","DemoApplication.java"
"a","Reload From Disk",,,"1631327190292","DemoApplication.java"
"a","Reload From Disk",,,"1631327190313","DemoApplication.java"
"a","Reload From Disk",,,"1631327190342","DemoApplication.java"
"a","Reload From Disk",,,"1631327190366","DemoApplication.java"
"a","Reload From Disk",,,"1631327190423","DemoApplication.java"
"a","Reload From Disk",,,"1631327190535","DemoApplication.java"
"a","Reload From Disk",,,"1631327190574","DemoApplication.java"
"a","Reload From Disk",,,"1631327190609","DemoApplication.java"
"a","Reload From Disk",,,"1631327190681","DemoApplication.java"
"a","Reload From Disk",,,"1631327190721","DemoApplication.java"
"a","Reload From Disk",,,"1631327190780","DemoApplication.java"
"a","Reload From Disk",,,"1631327190800","DemoApplication.java"
"a","Reload From Disk",,,"1631327190818","DemoApplication.java"
"a","Reload From Disk",,,"1631327190838","DemoApplication.java"
"a","Reload From Disk",,,"1631327190854","DemoApplication.java"
"a","Reload From Disk",,,"1631327190872","DemoApplication.java"
"a","Reload From Disk",,,"1631327190891","DemoApplication.java"
"a","Reload From Disk",,,"1631327190924","DemoApplication.java"
"a","Reload From Disk",,,"1631327190960","DemoApplication.java"
"a","Reload From Disk",,,"1631327190979","DemoApplication.java"
"a","Reload From Disk",,,"1631327190999","DemoApplication.java"
"a","Reload From Disk",,,"1631327191073","DemoApplication.java"
"a","Reload From Disk",,,"1631327191128","DemoApplication.java"
"a","Reload From Disk",,,"1631327191144","DemoApplication.java"
"a","Reload From Disk",,,"1631327191159","DemoApplication.java"
"a","Reload From Disk",,,"1631327191176","DemoApplication.java"
"a","Reload From Disk",,,"1631327191195","DemoApplication.java"
"a","Reload From Disk",,,"1631327191213","DemoApplication.java"
"a","Reload From Disk",,,"1631327191237","DemoApplication.java"
"a","Reload From Disk",,,"1631327191255","DemoApplication.java"
"a","Reload From Disk",,,"1631327191273","DemoApplication.java"
"a","Reload From Disk",,,"1631327191293","DemoApplication.java"
"a","Reload From Disk",,,"1631327191313","DemoApplication.java"
"a","Reload From Disk",,,"1631327191333","DemoApplication.java"
"a","Reload From Disk",,,"1631327191350","DemoApplication.java"
"a","Reload From Disk",,,"1631327191367","DemoApplication.java"
"a","Reload From Disk",,,"1631327191416","DemoApplication.java"
"a","Reload From Disk",,,"1631327191549","DemoApplication.java"
